name,section
See our top 3D Modeling Experts,Sayduck
See our top 3D Modeling Experts,CGTrader
See our top 3D Modeling Experts,Sketchfab
See our top Setup Experts,Opal Designs Co
See our top Setup Experts,REVO Designs
See our top Setup Experts,Mote
See our top Setup Experts,Rowby Goren
See our top Setup Experts,Collective Fab
See our top Setup Experts,Pelican Commerce
See our top Setup Experts,A & Z Designs
See our top Setup Experts,Above Market
See our top Setup Experts,True North Social
See our top Setup Experts,Hawke Media
See our top Setup Experts,Red Peach Designs
See our top Setup Experts,GS Web Design
See our top Designers,REVO Designs
See our top Designers,Mote
See our top Designers,A & Z Designs
See our top Designers,Above Market
See our top Designers,True North Social
See our top Designers,Coalition SEO
See our top Designers,Sellry
See our top Designers,ARD
See our top Designers,Bohemi+Chic
See our top Designers,Bluedge USA
See our top Designers,EYEMAGINE
See our top Designers,Manufactur
See our top Developers,Mote
See our top Developers,Sunrise Integration
See our top Developers,Above Market
See our top Developers,GS Web Design
See our top Developers,Coalition SEO
See our top Developers,Sellry
See our top Developers,ARD
See our top Developers,Bohemi+Chic
See our top Developers,EYEMAGINE
See our top Developers,Manufactur
See our top Developers,SeedCMS.com
See our top Developers,Kamari Labs
See our top Marketers,A & Z Designs
See our top Marketers,True North Social
See our top Marketers,Hawke Media
See our top Marketers,Coalition SEO
See our top Marketers,Sellry
See our top Marketers,Networking Bizz Digital Marketing
See our top Marketers,Rialto Partners
See our top Marketers,venntov
See our top Marketers,Manufactur
See our top Marketers,SeedCMS.com
See our top Marketers,Kamari Labs
See our top Marketers,Arctic Leaf
See our top Photographers,REVO Designs
See our top Photographers,Mote
See our top Photographers,Above Market
See our top Photographers,True North Social
See our top Photographers,Hippie Chick Design
See our top Photographers,Bohemi+Chic
See our top Photographers,Rialto Partners
See our top Photographers,Dudes On Site
See our top Photographers,cc Studios
See our top Photographers,Apple Canyon Designs
See our top Photographers,ART ONE VISUAL
See our top Photographers,App Infinitum, LLC
